,doc_id,datetime_1,datetime_1_type,vol_1,vol_1_type,price_1,price_1_type,additional,instrument_type,product_type,price_2,price_2_type,price_3,price_3_type,price_4,price_4_type,price_5,price_5_type
4,CLR20100226,swaps,"period and type of contract,period and type of contract,period and type of contractjanuary 2010 march 2010",343,"volumeinmbbls,volumeinmbbls,volumeinmbbls",$84.00,"swapsweightedaverage,swapsweightedaverage,swapsweightedaverage",,swap,oil,,,,,,,,
5,CLR20100226,Collars,"period and type of contract,period and type of contract,period and type of contractjanuary 2010 march 2010",148,"volumeinmbbls,volumeinmbbls,volumeinmbbls",,"swapsweightedaverage,swapsweightedaverage,swapsweightedaverage",,collar,oil,,,,,,,,
7,CLR20100226,Swaps,"period and type of contract,period and type of contract,period and type of contractjanuary 2010 march 2010",410,"volumeinmbbls,volumeinmbbls,volumeinmbbls",84.22,"swapsweightedaverage,swapsweightedaverage,swapsweightedaverage",april 2010 june 2010,swap,oil,,,,,,,,
8,CLR20100226,Collars,"period and type of contract,period and type of contract,period and type of contractjanuary 2010 march 2010",228,"volumeinmbbls,volumeinmbbls,volumeinmbbls",,"swapsweightedaverage,swapsweightedaverage,swapsweightedaverage",april 2010 june 2010,collar,oil,,,,,,,,
10,CLR20100226,Swaps,"period and type of contract,period and type of contract,period and type of contractjanuary 2010 march 2010",414,"volumeinmbbls,volumeinmbbls,volumeinmbbls",84.22,"swapsweightedaverage,swapsweightedaverage,swapsweightedaverage",july 2010 september 2010,swap,oil,,,,,,,,
11,CLR20100226,Collars,"period and type of contract,period and type of contract,period and type of contractjanuary 2010 march 2010",598,"volumeinmbbls,volumeinmbbls,volumeinmbbls",,"swapsweightedaverage,swapsweightedaverage,swapsweightedaverage",july 2010 september 2010,collar,oil,,,,,,,,
13,CLR20100226,Swaps,"period and type of contract,period and type of contract,period and type of contractjanuary 2010 march 2010",414,"volumeinmbbls,volumeinmbbls,volumeinmbbls",84.22,"swapsweightedaverage,swapsweightedaverage,swapsweightedaverage",october 2010 december 2010,swap,oil,,,,,,,,
14,CLR20100226,Collars,"period and type of contract,period and type of contract,period and type of contractjanuary 2010 march 2010",598,"volumeinmbbls,volumeinmbbls,volumeinmbbls",,"swapsweightedaverage,swapsweightedaverage,swapsweightedaverage",october 2010 december 2010,collar,oil,,,,,,,,
4,CLR20100226,swaps,"period and type of contract,period and type of contract,period and type of contractjanuary 2010 march 2010",343,"volumeinmbbls,volumeinmbbls,volumeinmbbls",,"collars,floors,range",,swap,oil,,"collars,floors,weightedaverage",,"collars,ceilings,range",,"collars,ceilings,weightedaverage",,
5,CLR20100226,Collars,"period and type of contract,period and type of contract,period and type of contractjanuary 2010 march 2010",148,"volumeinmbbls,volumeinmbbls,volumeinmbbls",75.00,"collars,floors,range",,collar,oil,75.00,"collars,floors,weightedaverage",96.40,"collars,ceilings,range",96.40,"collars,ceilings,weightedaverage",,
7,CLR20100226,Swaps,"period and type of contract,period and type of contract,period and type of contractjanuary 2010 march 2010",410,"volumeinmbbls,volumeinmbbls,volumeinmbbls",,"collars,floors,range",april 2010 june 2010,swap,oil,,"collars,floors,weightedaverage",,"collars,ceilings,range",,"collars,ceilings,weightedaverage",,
8,CLR20100226,Collars,"period and type of contract,period and type of contract,period and type of contractjanuary 2010 march 2010",228,"volumeinmbbls,volumeinmbbls,volumeinmbbls",75.00,"collars,floors,range",april 2010 june 2010,collar,oil,75.00,"collars,floors,weightedaverage",96.40,"collars,ceilings,range",96.40,"collars,ceilings,weightedaverage",,
10,CLR20100226,Swaps,"period and type of contract,period and type of contract,period and type of contractjanuary 2010 march 2010",414,"volumeinmbbls,volumeinmbbls,volumeinmbbls",,"collars,floors,range",july 2010 september 2010,swap,oil,,"collars,floors,weightedaverage",,"collars,ceilings,range",,"collars,ceilings,weightedaverage",,
11,CLR20100226,Collars,"period and type of contract,period and type of contract,period and type of contractjanuary 2010 march 2010",598,"volumeinmbbls,volumeinmbbls,volumeinmbbls",75.00,"collars,floors,range",july 2010 september 2010,collar,oil,75.00,"collars,floors,weightedaverage",94.50|96.40,"collars,ceilings,range",95.23,"collars,ceilings,weightedaverage",,
13,CLR20100226,Swaps,"period and type of contract,period and type of contract,period and type of contractjanuary 2010 march 2010",414,"volumeinmbbls,volumeinmbbls,volumeinmbbls",,"collars,floors,range",october 2010 december 2010,swap,oil,,"collars,floors,weightedaverage",,"collars,ceilings,range",,"collars,ceilings,weightedaverage",,
14,CLR20100226,Collars,"period and type of contract,period and type of contract,period and type of contractjanuary 2010 march 2010",598,"volumeinmbbls,volumeinmbbls,volumeinmbbls",75.00,"collars,floors,range",october 2010 december 2010,collar,oil,75.00,"collars,floors,weightedaverage",94.50|96.40,"collars,ceilings,range",95.23,"collars,ceilings,weightedaverage",,
2,CLR20100226,swaps,period and type of contractjanuary 2010 march 2010,590,volume inmmmbtus,$5.86,swapsweightedaverage,,swap,natural gas,,,,,,,,
4,CLR20100226,Swaps,period and type of contractjanuary 2010 march 2010,3163,volume inmmmbtus,5.85,swapsweightedaverage,april 2010 december 2010,swap,natural gas,,,,,,,,
6,CLR20100226,Swaps,period and type of contractjanuary 2010 march 2010,11863,volume inmmmbtus,6.36,swapsweightedaverage,january 2011 december 2011,swap,natural gas,,,,,,,,
4,CLR20100226,swaps,",,period and type of contractjanuary 2010 june 2010",905,"volume inmbbls,volume inmbbls,volume inmbbls",$80.50,"swapsweightedaverage,swapsweightedaverage,swapsweightedaverage",,swap,oil,,,,,,,,
5,CLR20100226,Collars,",,period and type of contractjanuary 2010 june 2010",453,"volume inmbbls,volume inmbbls,volume inmbbls",,"swapsweightedaverage,swapsweightedaverage,swapsweightedaverage",,collar,oil,,,,,,,,
7,CLR20100226,Collars,",,period and type of contractjanuary 2010 june 2010",644,"volume inmbbls,volume inmbbls,volume inmbbls",,"swapsweightedaverage,swapsweightedaverage,swapsweightedaverage",july 2010 december 2010,collar,oil,,,,,,,,
9,CLR20100226,Collars,",,period and type of contractjanuary 2010 june 2010",1278,"volume inmbbls,volume inmbbls,volume inmbbls",,"swapsweightedaverage,swapsweightedaverage,swapsweightedaverage",january 2011 december 2011,collar,oil,,,,,,,,
4,CLR20100226,swaps,",,period and type of contractjanuary 2010 june 2010",905,"volume inmbbls,volume inmbbls,volume inmbbls",,"collars,floors,range",,swap,oil,,"collars,floors,weightedaverage",,"collars,ceilings,range",,"collars,ceilings,weightedaverage",,
5,CLR20100226,Collars,",,period and type of contractjanuary 2010 june 2010",453,"volume inmbbls,volume inmbbls,volume inmbbls",$70.00,"collars,floors,range",,collar,oil,$70.00,"collars,floors,weightedaverage",$95.00,"collars,ceilings,range",$95.00,"collars,ceilings,weightedaverage",,
7,CLR20100226,Collars,",,period and type of contractjanuary 2010 june 2010",644,"volume inmbbls,volume inmbbls,volume inmbbls",75.00,"collars,floors,range",july 2010 december 2010,collar,oil,75.00,"collars,floors,weightedaverage",96.75,"collars,ceilings,range",96.75,"collars,ceilings,weightedaverage",,
9,CLR20100226,Collars,",,period and type of contractjanuary 2010 june 2010",1278,"volume inmbbls,volume inmbbls,volume inmbbls",75.00,"collars,floors,range",january 2011 december 2011,collar,oil,75.00,"collars,floors,weightedaverage",89.00,"collars,ceilings,range",89.00,"collars,ceilings,weightedaverage",,
2,CLR20100226,swaps,period and type of contractjanuary 2010 march 2010,2700,volume inmmmbtus,$6.18,swapsweightedaverage,,swap,natural gas,,,,,,,,
4,CLR20100226,Swaps,period and type of contractjanuary 2010 march 2010,2710,volume inmmmbtus,6.18,swapsweightedaverage,april 2010 june 2010,swap,natural gas,,,,,,,,
6,CLR20100226,Swaps,period and type of contractjanuary 2010 march 2010,2720,volume inmmmbtus,6.18,swapsweightedaverage,july 2010 september 2010,swap,natural gas,,,,,,,,
8,CLR20100226,Swaps,period and type of contractjanuary 2010 march 2010,2720,volume inmmmbtus,6.18,swapsweightedaverage,october 2010 december 2010,swap,natural gas,,,,,,,,
2,CLR20100226,swaps,period and type of contractjanuary 2010 december 2010,7200,volume inmmmbtus,$(0.62,swapsweightedaverage,,swap,natural gas,,,,,,,,
4,CLR20110225,swaps,",,period and type of contractjanuary 2012 december 2012",915000,",,bbls",$100.01,",swaps,weightedaverage",,swap,oil,,,,,,,,
6,CLR20110225,Collars,",,period and type of contractjanuary 2012 december 2012",3102500,",,bbls",,",swaps,weightedaverage",january 2013 december 2013,collar,oil,,,,,,,,
4,CLR20110225,swaps,",,period and type of contractjanuary 2012 december 2012",915000,",,bbls",,"collars,floors,range",,swap,oil,,"collars,floors,weightedaverage",,"collars,ceilings,range",,"collars,ceilings,weightedaverage",,
6,CLR20110225,Collars,",,period and type of contractjanuary 2012 december 2012",3102500,",,bbls",$90|$95,"collars,floors,range",january 2013 december 2013,collar,oil,$91.59,"collars,floors,weightedaverage",$97.25|$101.60,"collars,ceilings,range",$99.13,"collars,ceilings,weightedaverage",,
2,CLR20110225,swaps,period and type of contractjanuary 2011 march 2011,2360000,mmbtus,$4.69,swapsweightedaverage,,swap,natural gas,,,,,,,,
4,CLR20110225,Swaps,period and type of contractjanuary 2011 march 2011,3640000,mmbtus,4.69,swapsweightedaverage,april 2011 june 2011,swap,natural gas,,,,,,,,
6,CLR20110225,Swaps,period and type of contractjanuary 2011 march 2011,3910000,mmbtus,4.69,swapsweightedaverage,july 2011 september 2011,swap,natural gas,,,,,,,,
8,CLR20110225,Swaps,period and type of contractjanuary 2011 march 2011,4232000,mmbtus,4.73,swapsweightedaverage,october 2011 december 2011,swap,natural gas,,,,,,,,
10,CLR20110225,Swaps,period and type of contractjanuary 2011 march 2011,3660000,mmbtus,5.07,swapsweightedaverage,january 2012 december 2012,swap,natural gas,,,,,,,,
5,CLR20110225,swaps,",,,period and type of contractjanuary 2011 march 2011",284000,",,,bbls",$83.86,",swaps,weighted,average",,swap,oil,,,,,,,,
6,CLR20110225,Collars,",,,period and type of contractjanuary 2011 march 2011",2565000,",,,bbls",,",swaps,weighted,average",,collar,oil,,,,,,,,
8,CLR20110225,Swaps,",,,period and type of contractjanuary 2011 march 2011",273000,",,,bbls",84.67,",swaps,weighted,average",april 2011 june 2011,swap,oil,,,,,,,,
9,CLR20110225,Collars,",,,period and type of contractjanuary 2011 march 2011",2593500,",,,bbls",,",swaps,weighted,average",april 2011 june 2011,collar,oil,,,,,,,,
11,CLR20110225,Swaps,",,,period and type of contractjanuary 2011 march 2011",460000,",,,bbls",85.64,",swaps,weighted,average",july 2011 september 2011,swap,oil,,,,,,,,
12,CLR20110225,Collars,",,,period and type of contractjanuary 2011 march 2011",2622000,",,,bbls",,",swaps,weighted,average",july 2011 september 2011,collar,oil,,,,,,,,
14,CLR20110225,Swaps,",,,period and type of contractjanuary 2011 march 2011",644000,",,,bbls",86.25,",swaps,weighted,average",october 2011 december 2011,swap,oil,,,,,,,,
15,CLR20110225,Collars,",,,period and type of contractjanuary 2011 march 2011",2622000,",,,bbls",,",swaps,weighted,average",october 2011 december 2011,collar,oil,,,,,,,,
17,CLR20110225,Swaps,",,,period and type of contractjanuary 2011 march 2011",7320000,",,,bbls",86.90,",swaps,weighted,average",january 2012 december 2012,swap,oil,,,,,,,,
18,CLR20110225,Collars,",,,period and type of contractjanuary 2011 march 2011",5332620,",,,bbls",,",swaps,weighted,average",january 2012 december 2012,collar,oil,,,,,,,,
20,CLR20110225,Swaps,",,,period and type of contractjanuary 2011 march 2011",5110000,",,,bbls",88.63,",swaps,weighted,average",january 2013 december 2013,swap,oil,,,,,,,,
21,CLR20110225,Collars,",,,period and type of contractjanuary 2011 march 2011",4745000,",,,bbls",,",swaps,weighted,average",january 2013 december 2013,collar,oil,,,,,,,,
5,CLR20110225,swaps,",,,period and type of contractjanuary 2011 march 2011",284000,",,,bbls",,"collars,floors,,range",,swap,oil,,"collars,floors,weighted,average",,"collars,ceilings,,range",,"collars,ceilings,weighted,average",,
6,CLR20110225,Collars,",,,period and type of contractjanuary 2011 march 2011",2565000,",,,bbls",$75|$80,"collars,floors,,range",,collar,oil,$78.95,"collars,floors,weighted,average",$88.65|$97.25,"collars,ceilings,,range",$91.70,"collars,ceilings,weighted,average",,
8,CLR20110225,Swaps,",,,period and type of contractjanuary 2011 march 2011",273000,",,,bbls",,"collars,floors,,range",april 2011 june 2011,swap,oil,,"collars,floors,weighted,average",,"collars,ceilings,,range",,"collars,ceilings,weighted,average",,
9,CLR20110225,Collars,",,,period and type of contractjanuary 2011 march 2011",2593500,",,,bbls",$75|$80,"collars,floors,,range",april 2011 june 2011,collar,oil,79.39,"collars,floors,weighted,average",$89.00|$97.25,"collars,ceilings,,range",91.27,"collars,ceilings,weighted,average",,
11,CLR20110225,Swaps,",,,period and type of contractjanuary 2011 march 2011",460000,",,,bbls",,"collars,floors,,range",july 2011 september 2011,swap,oil,,"collars,floors,weighted,average",,"collars,ceilings,,range",,"collars,ceilings,weighted,average",,
12,CLR20110225,Collars,",,,period and type of contractjanuary 2011 march 2011",2622000,",,,bbls",$75|$80,"collars,floors,,range",july 2011 september 2011,collar,oil,79.39,"collars,floors,weighted,average",$89.00|$97.25,"collars,ceilings,,range",91.27,"collars,ceilings,weighted,average",,
14,CLR20110225,Swaps,",,,period and type of contractjanuary 2011 march 2011",644000,",,,bbls",,"collars,floors,,range",october 2011 december 2011,swap,oil,,"collars,floors,weighted,average",,"collars,ceilings,,range",,"collars,ceilings,weighted,average",,
15,CLR20110225,Collars,",,,period and type of contractjanuary 2011 march 2011",2622000,",,,bbls",$75|$80,"collars,floors,,range",october 2011 december 2011,collar,oil,79.39,"collars,floors,weighted,average",$89.00|$97.25,"collars,ceilings,,range",91.27,"collars,ceilings,weighted,average",,
17,CLR20110225,Swaps,",,,period and type of contractjanuary 2011 march 2011",7320000,",,,bbls",,"collars,floors,,range",january 2012 december 2012,swap,oil,,"collars,floors,weighted,average",,"collars,ceilings,,range",,"collars,ceilings,weighted,average",,
18,CLR20110225,Collars,",,,period and type of contractjanuary 2011 march 2011",5332620,",,,bbls",$80,"collars,floors,,range",january 2012 december 2012,collar,oil,80.00,"collars,floors,weighted,average",$93.25|$97.00,"collars,ceilings,,range",94.71,"collars,ceilings,weighted,average",,
20,CLR20110225,Swaps,",,,period and type of contractjanuary 2011 march 2011",5110000,",,,bbls",,"collars,floors,,range",january 2013 december 2013,swap,oil,,"collars,floors,weighted,average",,"collars,ceilings,,range",,"collars,ceilings,weighted,average",,
21,CLR20110225,Collars,",,,period and type of contractjanuary 2011 march 2011",4745000,",,,bbls",$80|$85,"collars,floors,,range",january 2013 december 2013,collar,oil,82.31,"collars,floors,weighted,average",$92.30|$101.70,"collars,ceilings,,range",97.58,"collars,ceilings,weighted,average",,
2,CLR20110225,swaps,period and type of contractjanuary 2011 december 2011,11862500,mmbtus,$6.36,swapsweightedaverage,,swap,natural gas,,,,,,,,
2,CLR20120224,swaps - ice brent crude,period and type of contractfebruary 2012 - december 2012,3591500,bbls,$111.12,weightedaverage price,,swap,oil,,,,,,,,
4,CLR20120224,Swaps - ICE Brent Crude,period and type of contractfebruary 2012 - december 2012,1460000,bbls,$107.63,weightedaverage price,january 2013 - december 2013,swap,oil,,,,,,,,
2,CLR20120224,swaps - henry hub,period and type of contractfebruary 2012 - june 2012,1510000,mmbtus,$3.06,weightedaverage price,,swap,natural gas,,,,,,,,
4,CLR20120224,Swaps - Henry Hub,period and type of contractfebruary 2012 - june 2012,3680000,mmbtus,$3.10,weightedaverage price,july 2012 - december 2012,swap,natural gas,,,,,,,,
6,CLR20120224,Swaps - Henry Hub,period and type of contractfebruary 2012 - june 2012,7300000,mmbtus,$3.73,weightedaverage price,january 2013 - december 2013,swap,natural gas,,,,,,,,
5,CLR20120224,swaps,"crude oil west texas intermediate,,period and type of contract,period and type of contractjanuary 2012 - december 2012",7320000,"bbls,bbls,bbls,bbls",$88.69,"swapsweightedaverage,swapsweightedaverage,swapsweightedaverage,swapsweightedaverage",,swap,oil,,,,,,,,
6,CLR20120224,Collars,"crude oil west texas intermediate,,period and type of contract,period and type of contractjanuary 2012 - december 2012",5332620,"bbls,bbls,bbls,bbls",,"swapsweightedaverage,swapsweightedaverage,swapsweightedaverage,swapsweightedaverage",,collar,oil,,,,,,,,
8,CLR20120224,Swaps,"crude oil west texas intermediate,,period and type of contract,period and type of contractjanuary 2012 - december 2012",5110000,"bbls,bbls,bbls,bbls",$88.63,"swapsweightedaverage,swapsweightedaverage,swapsweightedaverage,swapsweightedaverage",january 2013- december 2013,swap,oil,,,,,,,,
15,CLR20120224,swaps,"natural gas henry hub,period and type of contract",3660000,"mmbtus,mmbtus",$5.07,"swapsweightedaverageswapsweightedaverage,swapsweightedaverage",january 2012 - december 2012,swap,natural gas,,,,,,,,
5,CLR20120224,swaps,"crude oil west texas intermediate,,period and type of contract,period and type of contractjanuary 2012 - december 2012",7320000,"bbls,bbls,bbls,bbls",,"collars,floors,range,range",,swap,oil,,"collars,floors,weightedaverage,weightedaverage",,"collars,ceilings,range,range",,"collars,ceilings,weightedaverage,weightedaverage",,
6,CLR20120224,Collars,"crude oil west texas intermediate,,period and type of contract,period and type of contractjanuary 2012 - december 2012",5332620,"bbls,bbls,bbls,bbls",$80.00,"collars,floors,range,range",,collar,oil,$80.00,"collars,floors,weightedaverage,weightedaverage",$93.25|$97.00,"collars,ceilings,range,range",$94.71,"collars,ceilings,weightedaverage,weightedaverage",,
8,CLR20120224,Swaps,"crude oil west texas intermediate,,period and type of contract,period and type of contractjanuary 2012 - december 2012",5110000,"bbls,bbls,bbls,bbls",,"collars,floors,range,range",january 2013- december 2013,swap,oil,,"collars,floors,weightedaverage,weightedaverage",,"collars,ceilings,range,range",,"collars,ceilings,weightedaverage,weightedaverage",,
9,CLR20120224,Collars,"crude oil west texas intermediate,,period and type of contract,period and type of contractjanuary 2012 - december 2012",8760000,"bbls,bbls,bbls,bbls",$80.00|$95.00,"collars,floors,range,range",january 2013- december 2013,collar,oil,$86.92,"collars,floors,weightedaverage,weightedaverage",$92.30|$110.33,"collars,ceilings,range,range",$99.46,"collars,ceilings,weightedaverage,weightedaverage",,
15,CLR20120224,Swaps,period and type of contract,3660000,mmbtus,january 2012 - december 2012,"collars,floors,range,range",,swap,natural gas,natural gas henry hub,"collars,floors,weightedaverage,weightedaverage",,,,,,
2,CLR20130228,swaps - ice brent,period and type of contractjanuary 2013 - march 2013,270000,bbls,$107.87,weightedaverage price,,swap,oil,,,,,,,,
4,CLR20130228,Swaps - ICE Brent,period and type of contractjanuary 2013 - march 2013,1100000,bbls,$109.27,weightedaverage price,april 2013 - december 2013,swap,oil,,,,,,,,
6,CLR20130228,Swaps - ICE Brent,period and type of contractjanuary 2013 - march 2013,5292500,bbls,$105.51,weightedaverage price,january 2014 - december 2014,swap,oil,,,,,,,,
2,CLR20130228,swaps - henry hub,period and type of contractfebruary 2013 - december 2013,13360000,mmbtus,$3.66,weightedaverage price,,swap,natural gas,,,,,,,,
4,CLR20130228,swaps - wti,"crude oil nymex wti,,period and type of contractjanuary 2013 - december 2013",11862500,",bbls,bbls",$92.66,"swapsweightedaverageprice,swapsweightedaverageprice,swapsweightedaverageprice",,swap,oil,,,,,,,,
5,CLR20130228,Collars - WTI,"crude oil nymex wti,,period and type of contractjanuary 2013 - december 2013",8760000,",bbls,bbls",,"swapsweightedaverageprice,swapsweightedaverageprice,swapsweightedaverageprice",,collar,oil,,,,,,,,
7,CLR20130228,Swaps - WTI,"crude oil nymex wti,,period and type of contractjanuary 2013 - december 2013",10311250,",bbls,bbls",$96.20,"swapsweightedaverageprice,swapsweightedaverageprice,swapsweightedaverageprice",january 2014 - december 2014,swap,oil,,,,,,,,
4,CLR20130228,swaps - wti,"crude oil nymex wti,,period and type of contractjanuary 2013 - december 2013",11862500,",bbls,bbls",,"collars,floors,range",,swap,oil,,"collars,floors,weightedaverageprice",,"collars,ceilings,range",,"collars,ceilings,weightedaverageprice",,
5,CLR20130228,Collars - WTI,"crude oil nymex wti,,period and type of contractjanuary 2013 - december 2013",8760000,",bbls,bbls",$80.00|$95.00,"collars,floors,range",,collar,oil,$86.92,"collars,floors,weightedaverageprice",$92.30|$110.33,"collars,ceilings,range",$99.46,"collars,ceilings,weightedaverageprice",,
7,CLR20130228,Swaps - WTI,"crude oil nymex wti,,period and type of contractjanuary 2013 - december 2013",10311250,",bbls,bbls",,"collars,floors,range",january 2014 - december 2014,swap,oil,,"collars,floors,weightedaverageprice",,"collars,ceilings,range",,"collars,ceilings,weightedaverageprice",,
4,CLR20130228,swaps - ice brent,"crude oil ice brent,,period and type of contractjanuary 2013 - december 2013",3467500,",bbls,bbls",$108.49,"swapsweightedaverageprice,swapsweightedaverageprice,swapsweightedaverageprice",,swap,oil,,,,,,,,
6,CLR20130228,Swaps - ICE Brent,"crude oil ice brent,,period and type of contractjanuary 2013 - december 2013",6570000,",bbls,bbls",$100.66,"swapsweightedaverageprice,swapsweightedaverageprice,swapsweightedaverageprice",january 2014 - december 2014,swap,oil,,,,,,,,
7,CLR20130228,Collars - ICE Brent,"crude oil ice brent,,period and type of contractjanuary 2013 - december 2013",2190000,",bbls,bbls",,"swapsweightedaverageprice,swapsweightedaverageprice,swapsweightedaverageprice",january 2014 - december 2014,collar,oil,,,,,,,,
9,CLR20130228,Swaps - ICE Brent,"crude oil ice brent,,period and type of contractjanuary 2013 - december 2013",1277500,",bbls,bbls",$98.48,"swapsweightedaverageprice,swapsweightedaverageprice,swapsweightedaverageprice",january 2015 - december 2015,swap,oil,,,,,,,,
4,CLR20130228,swaps - ice brent,"crude oil ice brent,,period and type of contractjanuary 2013 - december 2013",3467500,",bbls,bbls",,"collars,floors,range",,swap,oil,,"collars,floors,weightedaverageprice",,"collars,ceilings,range",,"collars,ceilings,weightedaverageprice",,
6,CLR20130228,Swaps - ICE Brent,"crude oil ice brent,,period and type of contractjanuary 2013 - december 2013",6570000,",bbls,bbls",,"collars,floors,range",january 2014 - december 2014,swap,oil,,"collars,floors,weightedaverageprice",,"collars,ceilings,range",,"collars,ceilings,weightedaverageprice",,
7,CLR20130228,Collars - ICE Brent,"crude oil ice brent,,period and type of contractjanuary 2013 - december 2013",2190000,",bbls,bbls",$90.00|$95.00,"collars,floors,range",january 2014 - december 2014,collar,oil,$90.83,"collars,floors,weightedaverageprice",$104.70|$108.85,"collars,ceilings,range",$107.13,"collars,ceilings,weightedaverageprice",,
9,CLR20130228,Swaps - ICE Brent,"crude oil ice brent,,period and type of contractjanuary 2013 - december 2013",1277500,",bbls,bbls",,"collars,floors,range",january 2015 - december 2015,swap,oil,,"collars,floors,weightedaverageprice",,"collars,ceilings,range",,"collars,ceilings,weightedaverageprice",,
5,CLR20130228,swaps - henry hub,"natural gas nymex henry hub,,,period and type of contractjanuary 2013 - december 2013",18250000,"mmbtus,mmbtus,mmbtus,mmbtus",$3.76,"swapsweightedaverageprice,swapsweightedaverageprice,swapsweightedaverageprice,swapsweightedaverageprice",,swap,natural gas,,,,,,,,
3,CLR20140227,swaps - ice brent,",period and type of contractjanuary 2015 - december 2015",6205000,",bbls",$100.27,",weightedaverage price",,swap,oil,,,,,,,,
3,CLR20140227,swaps - henry hub,",period and type of contractjanuary 2014 - december 2014",40495000,",mmbtus",$4.26,",weightedaverage price",,swap,natural gas,,,,,,,,
5,CLR20140227,Swaps - Henry Hub,",period and type of contractjanuary 2014 - december 2014",22700000,",mmbtus",$4.27,",weightedaverage price",january 2015 - december 2015,swap,natural gas,,,,,,,,
7,CLR20140227,Swaps - Henry Hub,",period and type of contractjanuary 2014 - december 2014",4550000,",mmbtus",$4.27,",weightedaverage price",january 2016 - december 2016,swap,natural gas,,,,,,,,
4,CLR20140227,swaps - wti,",crude oil nymex wti,period and type of contractjanuary 2014 - december 2014",10851250,",,bbls",$96.50,",swaps weighted average price,swaps weighted average price",,swap,oil,,,,,,,,
5,CLR20140227,swaps - ice brent,",,crude oil ice brent,period and type of contractjanuary 2014 - december 2014",17028000,",,bbls,bbls",$103.17,",swapsweightedaverageprice,swapsweightedaverageprice,swapsweightedaverageprice",,swap,oil,,,,,,,,
6,CLR20140227,Collars - ICE Brent,",,crude oil ice brent,period and type of contractjanuary 2014 - december 2014",2190000,",,bbls,bbls",,",swapsweightedaverageprice,swapsweightedaverageprice,swapsweightedaverageprice",,collar,oil,,,,,,,,
8,CLR20140227,Swaps - ICE Brent,",,crude oil ice brent,period and type of contractjanuary 2014 - december 2014",2737500,",,bbls,bbls",$99.15,",swapsweightedaverageprice,swapsweightedaverageprice,swapsweightedaverageprice",january 2015 - december 2015,swap,oil,,,,,,,,
9,CLR20140227,Collars - ICE Brent,",,crude oil ice brent,period and type of contractjanuary 2014 - december 2014",730000,",,bbls,bbls",,",swapsweightedaverageprice,swapsweightedaverageprice,swapsweightedaverageprice",january 2015 - december 2015,collar,oil,,,,,,,,
5,CLR20140227,swaps - ice brent,",,crude oil ice brent,period and type of contractjanuary 2014 - december 2014",17028000,",,bbls,bbls",,",collars,floors,range",,swap,oil,,",collars,floors,weightedaverageprice",,",collars,ceilings,range",,",collars,ceilings,weightedaverageprice",,
6,CLR20140227,Collars - ICE Brent,",,crude oil ice brent,period and type of contractjanuary 2014 - december 2014",2190000,",,bbls,bbls",$90.00|$95.00,",collars,floors,range",,collar,oil,$90.83,",collars,floors,weightedaverageprice",$104.70|$108.85,",collars,ceilings,range",$107.13,",collars,ceilings,weightedaverageprice",,
8,CLR20140227,Swaps - ICE Brent,",,crude oil ice brent,period and type of contractjanuary 2014 - december 2014",2737500,",,bbls,bbls",,",collars,floors,range",january 2015 - december 2015,swap,oil,,",collars,floors,weightedaverageprice",,",collars,ceilings,range",,",collars,ceilings,weightedaverageprice",,
9,CLR20140227,Collars - ICE Brent,",,crude oil ice brent,period and type of contractjanuary 2014 - december 2014",730000,",,bbls,bbls",$95.00,",collars,floors,range",january 2015 - december 2015,collar,oil,$95.00,",collars,floors,weightedaverageprice",$107.40,",collars,ceilings,range",$107.40,",collars,ceilings,weightedaverageprice",,
5,CLR20140227,swaps - henry hub,",natural gas nymex henry hub,,period and type of contractjanuary 2014 - december 2014",64250000,",mmbtus,mmbtus,mmbtus",$4.19,",swapsweightedaverageprice,swapsweightedaverageprice,swapsweightedaverageprice",,swap,natural gas,,,,,,,,
7,CLR20140227,Swaps - Henry Hub,",natural gas nymex henry hub,,period and type of contractjanuary 2014 - december 2014",1800000,",mmbtus,mmbtus,mmbtus",$4.27,",swapsweightedaverageprice,swapsweightedaverageprice,swapsweightedaverageprice",january 2015 - march 2015,swap,natural gas,,,,,,,,
5,CLR20150224,"written call options - wti ,",",crude oil - nymex wti,,period and type of contractjuly 2015 - december 2015",2208000,",,,bbls",$95.85|$103.75,",ceilings,,range",,call,oil,$98.36,",ceilings,weighted averageprice,weighted averageprice",,,,,,
5,CLR20150224,"written call options - ice brent ,",",crude oil - ice brent,,period and type of contractjuly 2015 - december 2015",368000,",,,bbls",$107.40,",ceilings,,range",,call,oil,$107.40,",ceilings,weighted averageprice,weighted averageprice",,,,,,
7,CLR20150224,"Written call options - ICE Brent ,",",crude oil - ice brent,,period and type of contractjuly 2015 - december 2015",1464000,",,,bbls",$107.70,",ceilings,,range",january 2016 - december 2016,call,oil,$107.70,",ceilings,weighted averageprice,weighted averageprice",,,,,,
5,CLR20150224,swaps - henry hub,",natural gas - henry hub,,period and type of contractjanuary 2015 - december 2015",24500000,",,,mmbtus",$4.27,",swaps weighted average price,swaps weighted average price,swaps weighted average price",,swap,natural gas,,",floors,,range",,",floors,weighted average price,weighted average price",,",ceilings,,range",,",ceilings,weighted average price,weighted average price"
6,CLR20150224,Collars - Henry Hub,",natural gas - henry hub,,period and type of contractjanuary 2015 - december 2015",29200000,",,,mmbtus",,",swaps weighted average price,swaps weighted average price,swaps weighted average price",,collar,natural gas,$3.50|$3.75,",floors,,range",$3.69,",floors,weighted average price,weighted average price",$4.89|$5.48,",ceilings,,range",$5.04,",ceilings,weighted average price,weighted average price"
8,CLR20150224,Swaps - Henry Hub,",natural gas - henry hub,,period and type of contractjanuary 2015 - december 2015",63110000,",,,mmbtus",$3.98,",swaps weighted average price,swaps weighted average price,swaps weighted average price",january 2016 - december 2016,swap,natural gas,,",floors,,range",,",floors,weighted average price,weighted average price",,",ceilings,,range",,",ceilings,weighted average price,weighted average price"
5,CLR20160224,"written call options - ice brent ,",",crude oil - ice brent,,period and type of contractjanuary 2016 - december 2016",1464000,",,,bbls",$107.70,",,,ceiling price",,call,oil,,,,,,,,
5,CLR20160224,swaps - henry hub,",natural gas - henry hub,,period and type of contractjanuary 2016 - december 2016",133710000,",,,mmbtus",$3.17,",swaps weighted average price,swaps weighted average price,swaps weighted average price",,swap,natural gas,,",floors,,range",,",floors,weighted average price,weighted average price",,",ceilings,,range",,",ceilings,weighted average price,weighted average price"
7,CLR20160224,Swaps - Henry Hub,",natural gas - henry hub,,period and type of contractjanuary 2016 - december 2016",25550000,",,,mmbtus",$3.35,",swaps weighted average price,swaps weighted average price,swaps weighted average price",january 2017 - december 2017,swap,natural gas,,",floors,,range",,",floors,weighted average price,weighted average price",,",ceilings,,range",,",ceilings,weighted average price,weighted average price"
8,CLR20160224,Collars - Henry Hub,",natural gas - henry hub,,period and type of contractjanuary 2016 - december 2016",65700000,",,,mmbtus",,",swaps weighted average price,swaps weighted average price,swaps weighted average price",january 2017 - december 2017,collar,natural gas,$2.40|$3.00,",floors,,range",$2.47,",floors,weighted average price,weighted average price",$2.92|$3.88,",ceilings,,range",$3.08,",ceilings,weighted average price,weighted average price"
5,CLR20170222,swaps - henry hub,",,,period and type of contractfebruary 2017 - december 2017",49520000,",,,mmbtus",$3.37,",swaps weighted average price,swaps weighted average price,swaps weighted average price",,swap,natural gas,,,,,,,,
7,CLR20170222,Swaps - Henry Hub,",,,period and type of contractfebruary 2017 - december 2017",6300000,",,,mmbtus",$3.28,",swaps weighted average price,swaps weighted average price,swaps weighted average price",january 2018 - march 2018,swap,natural gas,,,,,,,,
5,CLR20170222,swaps - henry hub,",,,period and type of contractjanuary 2017 - december 2017",72690000,",,,mmbtus",$3.41,",swaps weighted average price,swaps weighted average price,swaps weighted average price",,swap,natural gas,,",floors,,range",,",floors,weighted average price,weighted average price",,",ceilings,,range",,",ceilings,weighted average price,weighted average price"
6,CLR20170222,Collars - Henry Hub,",,,period and type of contractjanuary 2017 - december 2017",65700000,",,,mmbtus",,",swaps weighted average price,swaps weighted average price,swaps weighted average price",,collar,natural gas,$2.40|$3.00,",floors,,range",$2.47,",floors,weighted average price,weighted average price",$2.92|$3.88,",ceilings,,range",$3.08,",ceilings,weighted average price,weighted average price"
